Longitude (x),Latitude (y),Station Name,Climate ID,Date/Time (LST),Year,Month,Day,Time (LST),Temp (°C),Dew Point Temp (°C),Rel Hum (%),Wind Dir (10s deg),Wind Spd (km/h),Visibility Flag,Stn Press (kPa),Wind Chill
-79.37,43.86,TORONTO BUTTONVILLE A,6158409,2021-02-01 0:00,2021,2,1,0:00,-10.7,-18.1,55,2,10,M,99.65,-16
-79.37,43.86,TORONTO BUTTONVILLE A,6158409,2021-02-01 1:00,2021,2,1,1:00,-11.7,-17.9,61,31,10,M,99.64,-17
-79.37,43.86,TORONTO BUTTONVILLE A,6158409,2021-02-01 2:00,2021,2,1,2:00,-12.4,-18.1,63,32,12,M,99.63,-19
-79.37,43.86,TORONTO BUTTONVILLE A,6158409,2021-02-01 3:00,2021,2,1,3:00,-11.8,-17.5,63,33,7,M,99.62,-16
-79.37,43.86,TORONTO BUTTONVILLE A,6158409,2021-02-01 4:00,2021,2,1,4:00,-11.5,-17.4,62,34,8,M,99.59,-16
-79.37,43.86,TORONTO BUTTONVILLE A,6158409,2021-02-01 5:00,2021,2,1,5:00,-11.3,-17.6,60,34,8,M,99.58,-16
-79.37,43.86,TORONTO BUTTONVILLE A,6158409,2021-02-01 6:00,2021,2,1,6:00,-11,-16.7,63,32,12,M,99.6,-17
-79.37,43.86,TORONTO BUTTONVILLE A,6158409,2021-02-01 7:00,2021,2,1,7:00,-11.5,-17.1,64,32,14,M,99.63,-18
-79.37,43.86,TORONTO BUTTONVILLE A,6158409,2021-02-01 8:00,2021,2,1,8:00,-11.3,-16.8,64,31,12,M,99.65,-17
-79.37,43.86,TORONTO BUTTONVILLE A,6158409,2021-02-01 9:00,2021,2,1,9:00,-10.9,-17.8,57,33,10,M,99.65,-16
-79.37,43.86,TORONTO BUTTONVILLE A,6158409,2021-02-01 10:00,2021,2,1,10:00,-9.3,-17.5,52,33,8,M,99.63,-14
-79.37,43.86,TORONTO BUTTONVILLE A,6158409,2021-02-01 11:00,2021,2,1,11:00,-8,-17.3,48,2,10,M,99.6,-13
-79.37,43.86,TORONTO BUTTONVILLE A,6158409,2021-02-01 12:00,2021,2,1,12:00,-6.8,-16.4,47,32,10,M,99.52,-11
-79.37,43.86,TORONTO BUTTONVILLE A,6158409,2021-02-01 13:00,2021,2,1,13:00,-5.6,-14.7,49,33,11,M,99.43,-10
-79.37,43.86,TORONTO BUTTONVILLE A,6158409,2021-02-01 14:00,2021,2,1,14:00,-4.8,-14.4,47,36,9,M,99.35,-9
-79.37,43.86,TORONTO BUTTONVILLE A,6158409,2021-02-01 15:00,2021,2,1,15:00,-3.9,-13.6,47,32,15,M,99.34,-9
-79.37,43.86,TORONTO BUTTONVILLE A,6158409,2021-02-01 16:00,2021,2,1,16:00,-4.9,-15.7,43,36,9,M,99.37,-9
-79.37,43.86,TORONTO BUTTONVILLE A,6158409,2021-02-01 17:00,2021,2,1,17:00,-5.5,-14.2,51,31,19,M,99.39,-12
-79.37,43.86,TORONTO BUTTONVILLE A,6158409,2021-02-01 18:00,2021,2,1,18:00,-7.1,-14.9,54,31,15,M,99.42,-13
-79.37,43.86,TORONTO BUTTONVILLE A,6158409,2021-02-01 19:00,2021,2,1,19:00,-7.2,-15.5,52,32,20,M,99.43,-14
-79.37,43.86,TORONTO BUTTONVILLE A,6158409,2021-02-01 20:00,2021,2,1,20:00,-7,-14.7,54,33,18,M,99.42,-14
-79.37,43.86,TORONTO BUTTONVILLE A,6158409,2021-02-01 21:00,2021,2,1,21:00,-7.3,-14.5,57,31,12,M,99.41,-13
-79.37,43.86,TORONTO BUTTONVILLE A,6158409,2021-02-01 22:00,2021,2,1,22:00,-7.4,-14.6,57,31,12,M,99.4,-13
-79.37,43.86,TORONTO BUTTONVILLE A,6158409,2021-02-01 23:00,2021,2,1,23:00,-7.4,-15.3,54,31,13,M,99.37,-13
-79.37,43.86,TORONTO BUTTONVILLE A,6158409,2021-02-02 0:00,2021,2,2,0:00,-7.8,-15.6,54,32,12,M,99.34,-13
-79.37,43.86,TORONTO BUTTONVILLE A,6158409,2021-02-02 1:00,2021,2,2,1:00,-8.2,-16.1,54,33,12,M,99.29,-14
-79.37,43.86,TORONTO BUTTONVILLE A,6158409,2021-02-02 2:00,2021,2,2,2:00,-9.8,-16.6,58,30,17,M,99.25,-17
-79.37,43.86,TORONTO BUTTONVILLE A,6158409,2021-02-02 3:00,2021,2,2,3:00,-9.5,-16.2,59,32,20,M,99.2,-17
-79.37,43.86,TORONTO BUTTONVILLE A,6158409,2021-02-02 4:00,2021,2,2,4:00,-9.6,-16,60,32,13,M,99.21,-16
-79.37,43.86,TORONTO BUTTONVILLE A,6158409,2021-02-02 5:00,2021,2,2,5:00,-10.2,-15.8,64,32,19,M,99.19,-18
-79.37,43.86,TORONTO BUTTONVILLE A,6158409,2021-02-02 6:00,2021,2,2,6:00,-10.2,-15.8,64,31,14,M,99.18,-17
-79.37,43.86,TORONTO BUTTONVILLE A,6158409,2021-02-02 7:00,2021,2,2,7:00,-9.7,-15.4,64,31,17,M,99.18,-17
-79.37,43.86,TORONTO BUTTONVILLE A,6158409,2021-02-02 8:00,2021,2,2,8:00,-9.9,-15,66,32,26,M,99.1,-19
-79.37,43.86,TORONTO BUTTONVILLE A,6158409,2021-02-02 9:00,2021,2,2,9:00,-8.6,-14.3,64,33,18,M,99.02,-16
-79.37,43.86,TORONTO BUTTONVILLE A,6158409,2021-02-02 10:00,2021,2,2,10:00,-6.9,-13.1,62,32,21,M,98.93,-14
-79.37,43.86,TORONTO BUTTONVILLE A,6158409,2021-02-02 11:00,2021,2,2,11:00,-5.9,-13.1,57,34,25,M,98.89,-13
-79.37,43.86,TORONTO BUTTONVILLE A,6158409,2021-02-02 12:00,2021,2,2,12:00,-4.7,-12.9,53,33,19,M,98.76,-11
-79.37,43.86,TORONTO BUTTONVILLE A,6158409,2021-02-02 13:00,2021,2,2,13:00,-3.3,-11.1,55,33,26,M,98.65,-10
-79.37,43.86,TORONTO BUTTONVILLE A,6158409,2021-02-02 14:00,2021,2,2,14:00,-2.5,-10.1,56,32,27,M,98.62,-9
-79.37,43.86,TORONTO BUTTONVILLE A,6158409,2021-02-02 15:00,2021,2,2,15:00,-1.7,-9.2,57,31,28,M,98.59,-8
-79.37,43.86,TORONTO BUTTONVILLE A,6158409,2021-02-02 16:00,2021,2,2,16:00,-1.6,-8.2,61,31,27,M,98.58,-8
-79.37,43.86,TORONTO BUTTONVILLE A,6158409,2021-02-02 17:00,2021,2,2,17:00,-1.3,-7,65,32,32,M,98.56,-8
-79.37,43.86,TORONTO BUTTONVILLE A,6158409,2021-02-02 18:00,2021,2,2,18:00,-1.8,-6.8,69,31,30,M,98.6,-9
-79.37,43.86,TORONTO BUTTONVILLE A,6158409,2021-02-02 19:00,2021,2,2,19:00,-1.5,-8.1,61,32,37,M,98.56,-9
-79.37,43.86,TORONTO BUTTONVILLE A,6158409,2021-02-02 20:00,2021,2,2,20:00,-1.9,-8.5,61,32,30,M,98.53,-9
-79.37,43.86,TORONTO BUTTONVILLE A,6158409,2021-02-02 21:00,2021,2,2,21:00,-1.8,-8.2,62,33,40,M,98.52,-10
-79.37,43.86,TORONTO BUTTONVILLE A,6158409,2021-02-02 22:00,2021,2,2,22:00,-2.7,-8.4,65,32,40,M,98.51,-11
-79.37,43.86,TORONTO BUTTONVILLE A,6158409,2021-02-02 23:00,2021,2,2,23:00,-3.4,-9.1,65,32,39,M,98.49,-12
-79.37,43.86,TORONTO BUTTONVILLE A,6158409,2021-02-03 0:00,2021,2,3,0:00,-4.6,-10,66,32,39,M,98.47,-13
-79.37,43.86,TORONTO BUTTONVILLE A,6158409,2021-02-03 1:00,2021,2,3,1:00,-5.4,-10.7,66,32,38,M,98.43,-14
-79.37,43.86,TORONTO BUTTONVILLE A,6158409,2021-02-03 2:00,2021,2,3,2:00,-6.1,-11.1,68,33,39,M,98.44,-15
-79.37,43.86,TORONTO BUTTONVILLE A,6158409,2021-02-03 3:00,2021,2,3,3:00,-6.9,-11.7,69,33,32,M,98.47,-16
-79.37,43.86,TORONTO BUTTONVILLE A,6158409,2021-02-03 4:00,2021,2,3,4:00,-7.7,-12.1,71,33,35,M,98.46,-17
-79.37,43.86,TORONTO BUTTONVILLE A,6158409,2021-02-03 5:00,2021,2,3,5:00,-8.3,-12.7,71,32,35,M,98.48,-18
-79.37,43.86,TORONTO BUTTONVILLE A,6158409,2021-02-03 6:00,2021,2,3,6:00,-8.4,-12.8,71,32,36,M,98.52,-18
-79.37,43.86,TORONTO BUTTONVILLE A,6158409,2021-02-03 7:00,2021,2,3,7:00,-8.1,-13.2,67,32,33,M,98.59,-17
-79.37,43.86,TORONTO BUTTONVILLE A,6158409,2021-02-03 8:00,2021,2,3,8:00,-7.7,-13.2,65,33,36,M,98.59,-17
-79.37,43.86,TORONTO BUTTONVILLE A,6158409,2021-02-03 9:00,2021,2,3,9:00,-7.7,-13,66,33,30,M,98.61,-17
-79.37,43.86,TORONTO BUTTONVILLE A,6158409,2021-02-03 10:00,2021,2,3,10:00,-6.4,-13.4,58,32,32,M,98.65,-15
-79.37,43.86,TORONTO BUTTONVILLE A,6158409,2021-02-03 11:00,2021,2,3,11:00,-4.9,-13.5,51,31,26,M,98.69,-12
-79.37,43.86,TORONTO BUTTONVILLE A,6158409,2021-02-03 12:00,2021,2,3,12:00,-2.6,-13.1,45,30,28,M,98.68,-10
-79.37,43.86,TORONTO BUTTONVILLE A,6158409,2021-02-03 13:00,2021,2,3,13:00,-1.5,-11.7,46,30,28,M,98.64,-8
-79.37,43.86,TORONTO BUTTONVILLE A,6158409,2021-02-03 14:00,2021,2,3,14:00,-1.8,-10.4,52,31,38,M,98.63,-10
-79.37,43.86,TORONTO BUTTONVILLE A,6158409,2021-02-03 15:00,2021,2,3,15:00,-0.9,-9.1,54,31,34,M,98.65,-8
-79.37,43.86,TORONTO BUTTONVILLE A,6158409,2021-02-03 16:00,2021,2,3,16:00,-1.2,-9.4,54,31,34,M,98.68,-8
-79.37,43.86,TORONTO BUTTONVILLE A,6158409,2021-02-03 17:00,2021,2,3,17:00,-1.9,-10.1,54,31,29,M,98.7,-9
-79.37,43.86,TORONTO BUTTONVILLE A,6158409,2021-02-03 18:00,2021,2,3,18:00,-2.7,-9.6,59,31,28,M,98.71,-10
-79.37,43.86,TORONTO BUTTONVILLE A,6158409,2021-02-03 19:00,2021,2,3,19:00,-2.9,-8.9,63,31,33,M,98.73,-11
-79.37,43.86,TORONTO BUTTONVILLE A,6158409,2021-02-03 20:00,2021,2,3,20:00,-2.9,-8.1,67,31,33,M,98.76,-11
-79.37,43.86,TORONTO BUTTONVILLE A,6158409,2021-02-03 21:00,2021,2,3,21:00,-3,-7.8,70,31,30,M,98.85,-10
-79.37,43.86,TORONTO BUTTONVILLE A,6158409,2021-02-03 22:00,2021,2,3,22:00,-3.4,-7.9,71,30,24,M,98.88,-10
-79.37,43.86,TORONTO BUTTONVILLE A,6158409,2021-02-03 23:00,2021,2,3,23:00,-3.9,-8,73,30,24,M,98.89,-11
-79.37,43.86,TORONTO BUTTONVILLE A,6158409,2021-02-04 0:00,2021,2,4,0:00,-4.1,-8.1,74,31,25,M,98.91,-11
-79.37,43.86,TORONTO BUTTONVILLE A,6158409,2021-02-04 1:00,2021,2,4,1:00,-4.3,-8.5,73,31,21,M,98.91,-11
-79.37,43.86,TORONTO BUTTONVILLE A,6158409,2021-02-04 2:00,2021,2,4,2:00,-3.8,-8.5,70,32,22,M,98.95,-10
-79.37,43.86,TORONTO BUTTONVILLE A,6158409,2021-02-04 3:00,2021,2,4,3:00,-3.9,-8.8,69,29,17,M,98.99,-10
-79.37,43.86,TORONTO BUTTONVILLE A,6158409,2021-02-04 4:00,2021,2,4,4:00,-4.3,-8.7,72,31,22,M,99.01,-11
-79.37,43.86,TORONTO BUTTONVILLE A,6158409,2021-02-04 5:00,2021,2,4,5:00,-4.6,-8.7,73,31,19,M,99.04,-11
-79.37,43.86,TORONTO BUTTONVILLE A,6158409,2021-02-04 6:00,2021,2,4,6:00,-5.1,-7.9,80,29,12,M,99.05,-10
-79.37,43.86,TORONTO BUTTONVILLE A,6158409,2021-02-04 7:00,2021,2,4,7:00,-7.3,-9.7,83,32,6,M,99.03,-10
-79.37,43.86,TORONTO BUTTONVILLE A,6158409,2021-02-04 8:00,2021,2,4,8:00,-7.6,-9.2,88,20,10,M,99.09,-12
-79.37,43.86,TORONTO BUTTONVILLE A,6158409,2021-02-04 9:00,2021,2,4,9:00,-3.7,-6.5,81,20,14,M,99.11,-9
-79.37,43.86,TORONTO BUTTONVILLE A,6158409,2021-02-04 10:00,2021,2,4,10:00,-1.2,-5.9,70,21,15,M,99.09,-6
-79.37,43.86,TORONTO BUTTONVILLE A,6158409,2021-02-04 11:00,2021,2,4,11:00,0.2,-6.2,62,26,20,M,99.09,
-79.37,43.86,TORONTO BUTTONVILLE A,6158409,2021-02-04 12:00,2021,2,4,12:00,2.2,-7,51,23,7,M,99,
-79.37,43.86,TORONTO BUTTONVILLE A,6158409,2021-02-04 13:00,2021,2,4,13:00,3.5,-7.7,44,19,14,M,98.87,
-79.37,43.86,TORONTO BUTTONVILLE A,6158409,2021-02-04 14:00,2021,2,4,14:00,4.3,-7.5,42,21,20,M,98.81,
-79.37,43.86,TORONTO BUTTONVILLE A,6158409,2021-02-04 15:00,2021,2,4,15:00,3.5,-9.9,37,20,18,M,98.74,
-79.37,43.86,TORONTO BUTTONVILLE A,6158409,2021-02-04 16:00,2021,2,4,16:00,3,-6.5,50,21,18,M,98.63,
-79.37,43.86,TORONTO BUTTONVILLE A,6158409,2021-02-04 17:00,2021,2,4,17:00,0.8,-5.2,64,17,17,M,98.54,
-79.37,43.86,TORONTO BUTTONVILLE A,6158409,2021-02-04 18:00,2021,2,4,18:00,-0.2,-4.7,71,19,14,M,98.52,-4
-79.37,43.86,TORONTO BUTTONVILLE A,6158409,2021-02-04 19:00,2021,2,4,19:00,-0.5,-3.6,80,18,14,M,98.41,-5
-79.37,43.86,TORONTO BUTTONVILLE A,6158409,2021-02-04 20:00,2021,2,4,20:00,-0.6,-3.1,83,17,14,M,98.3,-5
-79.37,43.86,TORONTO BUTTONVILLE A,6158409,2021-02-04 21:00,2021,2,4,21:00,-0.1,-4.2,74,15,10,M,98.02,-3
-79.37,43.86,TORONTO BUTTONVILLE A,6158409,2021-02-04 22:00,2021,2,4,22:00,0.6,-3.6,73,16,13,M,97.97,
-79.37,43.86,TORONTO BUTTONVILLE A,6158409,2021-02-04 23:00,2021,2,4,23:00,1.4,-3.1,72,13,18,M,97.8,
-79.37,43.86,TORONTO BUTTONVILLE A,6158409,2021-02-05 0:00,2021,2,5,0:00,1.8,-2.3,75,18,21,M,97.73,
-79.37,43.86,TORONTO BUTTONVILLE A,6158409,2021-02-05 1:00,2021,2,5,1:00,-0.2,-2,88,17,18,M,97.57,-5
-79.37,43.86,TORONTO BUTTONVILLE A,6158409,2021-02-05 2:00,2021,2,5,2:00,-0.3,-1,95,15,16,M,97.35,-5
-79.37,43.86,TORONTO BUTTONVILLE A,6158409,2021-02-05 3:00,2021,2,5,3:00,1.2,0.4,94,17,23,M,97.14,
-79.37,43.86,TORONTO BUTTONVILLE A,6158409,2021-02-05 4:00,2021,2,5,4:00,1.2,0.4,94,18,28,M,97.01,
-79.37,43.86,TORONTO BUTTONVILLE A,6158409,2021-02-05 5:00,2021,2,5,5:00,1.2,0.3,93,19,28,M,96.92,
-79.37,43.86,TORONTO BUTTONVILLE A,6158409,2021-02-05 6:00,2021,2,5,6:00,1.6,0.8,94,22,24,M,96.87,
-79.37,43.86,TORONTO BUTTONVILLE A,6158409,2021-02-05 7:00,2021,2,5,7:00,1,-1.7,83,23,31,M,96.91,
-79.37,43.86,TORONTO BUTTONVILLE A,6158409,2021-02-05 8:00,2021,2,5,8:00,-0.4,-3.6,79,24,35,M,97.05,-7
-79.37,43.86,TORONTO BUTTONVILLE A,6158409,2021-02-05 9:00,2021,2,5,9:00,-1.1,-5.3,73,23,35,M,97.16,-8
-79.37,43.86,TORONTO BUTTONVILLE A,6158409,2021-02-05 10:00,2021,2,5,10:00,-2.3,-6.7,72,22,37,M,97.26,-10
-79.37,43.86,TORONTO BUTTONVILLE A,6158409,2021-02-05 11:00,2021,2,5,11:00,-2.7,-6.8,74,23,26,M,97.36,-10
-79.37,43.86,TORONTO BUTTONVILLE A,6158409,2021-02-05 12:00,2021,2,5,12:00,-3.4,-7.6,72,22,31,M,97.4,-11
-79.37,43.86,TORONTO BUTTONVILLE A,6158409,2021-02-05 13:00,2021,2,5,13:00,-3.6,-9,66,22,35,M,97.44,-12
-79.37,43.86,TORONTO BUTTONVILLE A,6158409,2021-02-05 14:00,2021,2,5,14:00,-4.4,-9.9,65,23,32,M,97.5,-12
-79.37,43.86,TORONTO BUTTONVILLE A,6158409,2021-02-05 15:00,2021,2,5,15:00,-5.1,-10.8,65,22,27,M,97.62,-13
-79.37,43.86,TORONTO BUTTONVILLE A,6158409,2021-02-05 16:00,2021,2,5,16:00,-5.8,-11.5,64,23,21,M,97.73,-13
-79.37,43.86,TORONTO BUTTONVILLE A,6158409,2021-02-05 17:00,2021,2,5,17:00,-6.5,-12.6,62,23,26,M,97.83,-14
-79.37,43.86,TORONTO BUTTONVILLE A,6158409,2021-02-05 18:00,2021,2,5,18:00,-7.5,-13.3,64,23,28,M,97.9,-16
-79.37,43.86,TORONTO BUTTONVILLE A,6158409,2021-02-05 19:00,2021,2,5,19:00,-7.6,-15.2,55,24,18,M,97.93,-14
-79.37,43.86,TORONTO BUTTONVILLE A,6158409,2021-02-05 20:00,2021,2,5,20:00,-7.9,-14.6,59,24,17,M,97.96,-15
-79.37,43.86,TORONTO BUTTONVILLE A,6158409,2021-02-05 21:00,2021,2,5,21:00,-7.7,-13.3,64,23,25,M,98.01,-16
-79.37,43.86,TORONTO BUTTONVILLE A,6158409,2021-02-05 22:00,2021,2,5,22:00,-7.7,-14,61,23,23,M,98.05,-15
-79.37,43.86,TORONTO BUTTONVILLE A,6158409,2021-02-05 23:00,2021,2,5,23:00,-7.4,-13.4,63,24,22,M,98.08,-15
-79.37,43.86,TORONTO BUTTONVILLE A,6158409,2021-02-06 0:00,2021,2,6,0:00,-7.5,-13.8,61,24,20,M,98.05,-15
-79.37,43.86,TORONTO BUTTONVILLE A,6158409,2021-02-06 1:00,2021,2,6,1:00,-7.3,-13.4,62,23,22,M,98.03,-15
-79.37,43.86,TORONTO BUTTONVILLE A,6158409,2021-02-06 2:00,2021,2,6,2:00,-7.9,-13.5,65,24,13,M,98.06,-14
-79.37,43.86,TORONTO BUTTONVILLE A,6158409,2021-02-06 3:00,2021,2,6,3:00,-8.2,-13.9,64,23,17,M,98.12,-15
-79.37,43.86,TORONTO BUTTONVILLE A,6158409,2021-02-06 4:00,2021,2,6,4:00,-8.3,-13.8,65,24,15,M,98.2,-15
-79.37,43.86,TORONTO BUTTONVILLE A,6158409,2021-02-06 5:00,2021,2,6,5:00,-8.5,-13.7,66,23,18,M,98.29,-16
-79.37,43.86,TORONTO BUTTONVILLE A,6158409,2021-02-06 6:00,2021,2,6,6:00,-9.2,-13.3,72,23,22,M,98.37,-17
-79.37,43.86,TORONTO BUTTONVILLE A,6158409,2021-02-06 7:00,2021,2,6,7:00,-9.3,-13.2,73,22,23,M,98.46,-18
-79.37,43.86,TORONTO BUTTONVILLE A,6158409,2021-02-06 8:00,2021,2,6,8:00,-9.3,-13,75,23,19,M,98.57,-17
-79.37,43.86,TORONTO BUTTONVILLE A,6158409,2021-02-06 9:00,2021,2,6,9:00,-8.8,-12.7,74,21,27,M,98.65,-18
-79.37,43.86,TORONTO BUTTONVILLE A,6158409,2021-02-06 10:00,2021,2,6,10:00,-8.4,-12.3,73,23,19,M,98.74,-16
-79.37,43.86,TORONTO BUTTONVILLE A,6158409,2021-02-06 11:00,2021,2,6,11:00,-7.7,-12.4,69,24,18,M,98.85,-15
-79.37,43.86,TORONTO BUTTONVILLE A,6158409,2021-02-06 12:00,2021,2,6,12:00,-7.4,-13,65,24,16,M,98.89,-14
-79.37,43.86,TORONTO BUTTONVILLE A,6158409,2021-02-06 13:00,2021,2,6,13:00,-7,-13.8,59,25,29,M,98.97,-15
-79.37,43.86,TORONTO BUTTONVILLE A,6158409,2021-02-06 14:00,2021,2,6,14:00,-6.8,-14,57,25,30,M,99.06,-15
-79.37,43.86,TORONTO BUTTONVILLE A,6158409,2021-02-06 15:00,2021,2,6,15:00,-6.5,-13.8,56,26,28,M,99.1,-15
-79.37,43.86,TORONTO BUTTONVILLE A,6158409,2021-02-06 16:00,2021,2,6,16:00,-6.5,-13.5,58,24,18,M,99.21,-13
-79.37,43.86,TORONTO BUTTONVILLE A,6158409,2021-02-06 17:00,2021,2,6,17:00,-6.8,-13.9,57,23,25,M,99.25,-15
-79.37,43.86,TORONTO BUTTONVILLE A,6158409,2021-02-06 18:00,2021,2,6,18:00,-7,-14.1,58,25,12,M,99.27,-12
-79.37,43.86,TORONTO BUTTONVILLE A,6158409,2021-02-06 19:00,2021,2,6,19:00,-7.1,-13.7,60,21,17,M,99.32,-14
-79.37,43.86,TORONTO BUTTONVILLE A,6158409,2021-02-06 20:00,2021,2,6,20:00,-7.5,-13.2,64,22,16,M,99.38,-14
-79.37,43.86,TORONTO BUTTONVILLE A,6158409,2021-02-06 21:00,2021,2,6,21:00,-8,-13.1,67,22,12,M,99.35,-13
-79.37,43.86,TORONTO BUTTONVILLE A,6158409,2021-02-06 22:00,2021,2,6,22:00,-8.2,-12.7,70,26,13,M,99.25,-14
-79.37,43.86,TORONTO BUTTONVILLE A,6158409,2021-02-06 23:00,2021,2,6,23:00,-8.2,-12.3,72,23,5,M,99.22,-11
-79.37,43.86,TORONTO BUTTONVILLE A,6158409,2021-02-07 0:00,2021,2,7,0:00,-8,-12,73,24,7,M,99.18,-12
-79.37,43.86,TORONTO BUTTONVILLE A,6158409,2021-02-07 1:00,2021,2,7,1:00,-7.9,-11.8,74,23,8,M,99.14,-12
-79.37,43.86,TORONTO BUTTONVILLE A,6158409,2021-02-07 2:00,2021,2,7,2:00,-8,-11.8,74,25,3,M,99.07,-10
-79.37,43.86,TORONTO BUTTONVILLE A,6158409,2021-02-07 3:00,2021,2,7,3:00,-7.8,-11.7,74,24,7,M,99.08,-11
-79.37,43.86,TORONTO BUTTONVILLE A,6158409,2021-02-07 4:00,2021,2,7,4:00,-7.7,-11.8,73,19,8,M,98.95,-12
-79.37,43.86,TORONTO BUTTONVILLE A,6158409,2021-02-07 5:00,2021,2,7,5:00,-7.5,-11.8,72,19,11,M,98.97,-13
-79.37,43.86,TORONTO BUTTONVILLE A,6158409,2021-02-07 6:00,2021,2,7,6:00,-8,-10.7,81,25,10,M,98.95,-13
-79.37,43.86,TORONTO BUTTONVILLE A,6158409,2021-02-07 7:00,2021,2,7,7:00,-8.4,-10.4,85,24,15,M,98.96,-15
-79.37,43.86,TORONTO BUTTONVILLE A,6158409,2021-02-07 8:00,2021,2,7,8:00,-8.4,-10.9,83,26,13,M,98.94,-14
-79.37,43.86,TORONTO BUTTONVILLE A,6158409,2021-02-07 9:00,2021,2,7,9:00,-8.3,-11.5,78,25,16,M,98.99,-15
-79.37,43.86,TORONTO BUTTONVILLE A,6158409,2021-02-07 10:00,2021,2,7,10:00,-7.2,-11.8,70,26,18,M,99.02,-14
-79.37,43.86,TORONTO BUTTONVILLE A,6158409,2021-02-07 11:00,2021,2,7,11:00,-6.4,-12,65,27,28,M,99.04,-15
-79.37,43.86,TORONTO BUTTONVILLE A,6158409,2021-02-07 12:00,2021,2,7,12:00,-6.7,-13.8,58,28,32,M,99.05,-15
-79.37,43.86,TORONTO BUTTONVILLE A,6158409,2021-02-07 13:00,2021,2,7,13:00,-7.3,-15.2,54,26,33,M,99.07,-16
-79.37,43.86,TORONTO BUTTONVILLE A,6158409,2021-02-07 14:00,2021,2,7,14:00,-8.2,-17.7,47,28,33,M,99.1,-18
-79.37,43.86,TORONTO BUTTONVILLE A,6158409,2021-02-07 15:00,2021,2,7,15:00,-8.2,-18.1,45,28,37,M,99.14,-18
-79.37,43.86,TORONTO BUTTONVILLE A,6158409,2021-02-07 16:00,2021,2,7,16:00,-8.8,-17.7,49,29,23,M,99.24,-17
-79.37,43.86,TORONTO BUTTONVILLE A,6158409,2021-02-07 17:00,2021,2,7,17:00,-10,-16.4,60,27,25,M,99.34,-19
-79.37,43.86,TORONTO BUTTONVILLE A,6158409,2021-02-07 18:00,2021,2,7,18:00,-11,-17.7,58,27,25,M,99.44,-20
-79.37,43.86,TORONTO BUTTONVILLE A,6158409,2021-02-07 19:00,2021,2,7,19:00,-11.9,-18.8,57,26,19,M,99.56,-20
-79.37,43.86,TORONTO BUTTONVILLE A,6158409,2021-02-07 20:00,2021,2,7,20:00,-12.5,-18.2,63,26,22,M,99.64,-21
-79.37,43.86,TORONTO BUTTONVILLE A,6158409,2021-02-07 21:00,2021,2,7,21:00,-12.8,-18.2,65,26,19,M,99.67,-21
-79.37,43.86,TORONTO BUTTONVILLE A,6158409,2021-02-07 22:00,2021,2,7,22:00,-13.1,-17.9,67,26,22,M,99.75,-22
-79.37,43.86,TORONTO BUTTONVILLE A,6158409,2021-02-07 23:00,2021,2,7,23:00,-13.2,-17.6,70,26,23,M,99.81,-23
-79.37,43.86,TORONTO BUTTONVILLE A,6158409,2021-02-08 0:00,2021,2,8,0:00,-13.1,-17.6,70,26,16,M,99.86,-21
-79.37,43.86,TORONTO BUTTONVILLE A,6158409,2021-02-08 1:00,2021,2,8,1:00,-12.9,-17.6,69,26,14,M,99.9,-20
-79.37,43.86,TORONTO BUTTONVILLE A,6158409,2021-02-08 2:00,2021,2,8,2:00,-12.9,-17.4,69,26,17,M,99.96,-21
-79.37,43.86,TORONTO BUTTONVILLE A,6158409,2021-02-08 3:00,2021,2,8,3:00,-13.4,-17.4,72,26,17,M,99.97,-21
-79.37,43.86,TORONTO BUTTONVILLE A,6158409,2021-02-08 4:00,2021,2,8,4:00,-13.7,-17.6,72,25,17,M,100.04,-22
-79.37,43.86,TORONTO BUTTONVILLE A,6158409,2021-02-08 5:00,2021,2,8,5:00,-13.3,-17.6,71,26,14,M,100.09,-21
-79.37,43.86,TORONTO BUTTONVILLE A,6158409,2021-02-08 6:00,2021,2,8,6:00,-12.9,-17.3,70,25,10,M,100.09,-19
-79.37,43.86,TORONTO BUTTONVILLE A,6158409,2021-02-08 7:00,2021,2,8,7:00,-12.6,-17.6,67,27,16,M,100.14,-20
-79.37,43.86,TORONTO BUTTONVILLE A,6158409,2021-02-08 8:00,2021,2,8,8:00,-12.1,-17.3,66,25,8,M,100.22,-17
-79.37,43.86,TORONTO BUTTONVILLE A,6158409,2021-02-08 9:00,2021,2,8,9:00,-11.3,-17,63,25,15,M,100.28,-18
-79.37,43.86,TORONTO BUTTONVILLE A,6158409,2021-02-08 10:00,2021,2,8,10:00,-10.4,-16.6,60,25,19,M,100.32,-18
-79.37,43.86,TORONTO BUTTONVILLE A,6158409,2021-02-08 11:00,2021,2,8,11:00,-9.3,-16.6,56,26,17,M,100.32,-16
-79.37,43.86,TORONTO BUTTONVILLE A,6158409,2021-02-08 12:00,2021,2,8,12:00,-8.4,-16.1,54,21,12,M,100.29,-14
-79.37,43.86,TORONTO BUTTONVILLE A,6158409,2021-02-08 13:00,2021,2,8,13:00,-8,-17.6,46,25,15,M,100.24,-14
-79.37,43.86,TORONTO BUTTONVILLE A,6158409,2021-02-08 14:00,2021,2,8,14:00,-7.9,-17.2,48,26,23,M,100.17,-16
-79.37,43.86,TORONTO BUTTONVILLE A,6158409,2021-02-08 15:00,2021,2,8,15:00,-7,-17.4,43,23,14,M,100.16,-13
-79.37,43.86,TORONTO BUTTONVILLE A,6158409,2021-02-08 16:00,2021,2,8,16:00,-7.2,-17,46,23,12,M,100.17,-13
-79.37,43.86,TORONTO BUTTONVILLE A,6158409,2021-02-08 17:00,2021,2,8,17:00,-7.6,-16.8,48,23,15,M,100.18,-14
-79.37,43.86,TORONTO BUTTONVILLE A,6158409,2021-02-08 18:00,2021,2,8,18:00,-8.5,-16.8,52,28,20,M,100.2,-16
-79.37,43.86,TORONTO BUTTONVILLE A,6158409,2021-02-08 19:00,2021,2,8,19:00,-9.1,-16.7,54,27,12,M,100.23,-15
-79.37,43.86,TORONTO BUTTONVILLE A,6158409,2021-02-08 20:00,2021,2,8,20:00,-9.1,-16.3,56,28,14,M,100.23,-15
-79.37,43.86,TORONTO BUTTONVILLE A,6158409,2021-02-08 21:00,2021,2,8,21:00,-9.6,-16.2,59,28,17,M,100.21,-17
-79.37,43.86,TORONTO BUTTONVILLE A,6158409,2021-02-08 22:00,2021,2,8,22:00,-10,-15.9,62,28,18,M,100.21,-17
-79.37,43.86,TORONTO BUTTONVILLE A,6158409,2021-02-08 23:00,2021,2,8,23:00,-10.2,-13.9,75,28,14,M,100.21,-17
-79.37,43.86,TORONTO BUTTONVILLE A,6158409,2021-02-09 0:00,2021,2,9,0:00,-10.5,-13.3,80,28,11,M,100.14,-16
-79.37,43.86,TORONTO BUTTONVILLE A,6158409,2021-02-09 1:00,2021,2,9,1:00,-10.5,-13.2,81,28,11,M,100.11,-16
-79.37,43.86,TORONTO BUTTONVILLE A,6158409,2021-02-09 2:00,2021,2,9,2:00,-10.3,-12.7,83,29,10,M,100.08,-16
-79.37,43.86,TORONTO BUTTONVILLE A,6158409,2021-02-09 3:00,2021,2,9,3:00,-10.2,-12.5,84,30,13,M,100.08,-16
-79.37,43.86,TORONTO BUTTONVILLE A,6158409,2021-02-09 4:00,2021,2,9,4:00,-10.3,-12.3,85,29,11,M,100,-16
-79.37,43.86,TORONTO BUTTONVILLE A,6158409,2021-02-09 5:00,2021,2,9,5:00,-10.8,-12.5,87,30,10,M,99.96,-16
-79.37,43.86,TORONTO BUTTONVILLE A,6158409,2021-02-09 6:00,2021,2,9,6:00,-10,-12.1,85,30,14,M,99.99,-16
-79.37,43.86,TORONTO BUTTONVILLE A,6158409,2021-02-09 7:00,2021,2,9,7:00,-9.9,-12.3,83,28,14,M,99.98,-16
-79.37,43.86,TORONTO BUTTONVILLE A,6158409,2021-02-09 8:00,2021,2,9,8:00,-10.5,-12.9,82,29,11,M,99.96,-16
-79.37,43.86,TORONTO BUTTONVILLE A,6158409,2021-02-09 9:00,2021,2,9,9:00,-9.5,-12.4,79,27,8,M,100.02,-14
-79.37,43.86,TORONTO BUTTONVILLE A,6158409,2021-02-09 10:00,2021,2,9,10:00,-7.6,-11.9,72,29,10,M,100.01,-12
-79.37,43.86,TORONTO BUTTONVILLE A,6158409,2021-02-09 11:00,2021,2,9,11:00,-6.3,-11.8,65,29,10,M,100,-11
-79.37,43.86,TORONTO BUTTONVILLE A,6158409,2021-02-09 12:00,2021,2,9,12:00,-4.8,-12.3,56,31,17,M,99.97,-11
-79.37,43.86,TORONTO BUTTONVILLE A,6158409,2021-02-09 13:00,2021,2,9,13:00,-4.9,-12.2,57,30,15,M,99.91,-10
-79.37,43.86,TORONTO BUTTONVILLE A,6158409,2021-02-09 14:00,2021,2,9,14:00,-4.4,-12.3,54,29,15,M,99.87,-10
-79.37,43.86,TORONTO BUTTONVILLE A,6158409,2021-02-09 15:00,2021,2,9,15:00,-4.2,-13,50,26,20,M,99.86,-11
-79.37,43.86,TORONTO BUTTONVILLE A,6158409,2021-02-09 16:00,2021,2,9,16:00,-3.2,-12.3,50,21,5,M,99.86,-5
-79.37,43.86,TORONTO BUTTONVILLE A,6158409,2021-02-09 17:00,2021,2,9,17:00,-4,-12.6,51,28,26,M,99.9,-11
-79.37,43.86,TORONTO BUTTONVILLE A,6158409,2021-02-09 18:00,2021,2,9,18:00,-5.3,-12.9,56,28,28,M,99.97,-13
-79.37,43.86,TORONTO BUTTONVILLE A,6158409,2021-02-09 19:00,2021,2,9,19:00,-6,-13.4,56,28,21,M,99.99,-13
-79.37,43.86,TORONTO BUTTONVILLE A,6158409,2021-02-09 20:00,2021,2,9,20:00,-6.5,-14.2,54,28,24,M,100.01,-14
-79.37,43.86,TORONTO BUTTONVILLE A,6158409,2021-02-09 21:00,2021,2,9,21:00,-7.2,-14.2,58,29,26,M,100.07,-15
-79.37,43.86,TORONTO BUTTONVILLE A,6158409,2021-02-09 22:00,2021,2,9,22:00,-8.2,-14.6,60,28,23,M,100.12,-16
-79.37,43.86,TORONTO BUTTONVILLE A,6158409,2021-02-09 23:00,2021,2,9,23:00,-9,-14.5,65,27,22,M,100.15,-17
-79.37,43.86,TORONTO BUTTONVILLE A,6158409,2021-02-10 0:00,2021,2,10,0:00,-9.7,-14.9,66,27,20,M,100.16,-17
-79.37,43.86,TORONTO BUTTONVILLE A,6158409,2021-02-10 1:00,2021,2,10,1:00,-10.2,-15.4,66,26,9,M,100.16,-15
-79.37,43.86,TORONTO BUTTONVILLE A,6158409,2021-02-10 2:00,2021,2,10,2:00,-10.7,-15.7,67,26,12,M,100.16,-17
-79.37,43.86,TORONTO BUTTONVILLE A,6158409,2021-02-10 3:00,2021,2,10,3:00,-11.1,-16.1,67,27,12,M,100.15,-17
-79.37,43.86,TORONTO BUTTONVILLE A,6158409,2021-02-10 4:00,2021,2,10,4:00,-11.4,-16.3,68,26,6,M,100.16,-15
-79.37,43.86,TORONTO BUTTONVILLE A,6158409,2021-02-10 5:00,2021,2,10,5:00,-11.3,-16.2,67,27,14,M,100.22,-18
-79.37,43.86,TORONTO BUTTONVILLE A,6158409,2021-02-10 6:00,2021,2,10,6:00,-11.1,-16.1,67,25,13,M,100.26,-18
-79.37,43.86,TORONTO BUTTONVILLE A,6158409,2021-02-10 7:00,2021,2,10,7:00,-11.4,-15.9,69,27,16,M,100.3,-19
-79.37,43.86,TORONTO BUTTONVILLE A,6158409,2021-02-10 8:00,2021,2,10,8:00,-11.2,-15.8,69,26,11,M,100.33,-17
-79.37,43.86,TORONTO BUTTONVILLE A,6158409,2021-02-10 9:00,2021,2,10,9:00,-9.5,-15.1,64,27,14,M,100.37,-16
-79.37,43.86,TORONTO BUTTONVILLE A,6158409,2021-02-10 10:00,2021,2,10,10:00,-7.7,-14.5,58,27,27,M,100.38,-16
-79.37,43.86,TORONTO BUTTONVILLE A,6158409,2021-02-10 11:00,2021,2,10,11:00,-7,-14.7,55,26,24,M,100.33,-15
-79.37,43.86,TORONTO BUTTONVILLE A,6158409,2021-02-10 12:00,2021,2,10,12:00,-6.5,-15,51,26,25,M,100.31,-14
-79.37,43.86,TORONTO BUTTONVILLE A,6158409,2021-02-10 13:00,2021,2,10,13:00,-6.2,-15.2,49,27,23,M,100.25,-14
-79.37,43.86,TORONTO BUTTONVILLE A,6158409,2021-02-10 14:00,2021,2,10,14:00,-6,-15,49,28,24,M,100.17,-13
-79.37,43.86,TORONTO BUTTONVILLE A,6158409,2021-02-10 15:00,2021,2,10,15:00,-5.4,-14.4,49,27,22,M,100.18,-12
-79.37,43.86,TORONTO BUTTONVILLE A,6158409,2021-02-10 16:00,2021,2,10,16:00,-6,-15.1,49,26,14,M,100.15,-12
-79.37,43.86,TORONTO BUTTONVILLE A,6158409,2021-02-10 17:00,2021,2,10,17:00,-6.3,-14.8,51,27,24,M,100.15,-14
-79.37,43.86,TORONTO BUTTONVILLE A,6158409,2021-02-10 18:00,2021,2,10,18:00,-6.8,-14.4,55,28,23,M,100.17,-14
-79.37,43.86,TORONTO BUTTONVILLE A,6158409,2021-02-10 19:00,2021,2,10,19:00,-7,-13.9,58,28,18,M,100.15,-14
-79.37,43.86,TORONTO BUTTONVILLE A,6158409,2021-02-10 20:00,2021,2,10,20:00,-7,-13.9,58,28,16,M,100.16,-13
-79.37,43.86,TORONTO BUTTONVILLE A,6158409,2021-02-10 21:00,2021,2,10,21:00,-7.3,-13.7,61,27,21,M,100.15,-15
-79.37,43.86,TORONTO BUTTONVILLE A,6158409,2021-02-10 22:00,2021,2,10,22:00,-7.5,-13.3,64,27,9,M,100.13,-12
-79.37,43.86,TORONTO BUTTONVILLE A,6158409,2021-02-10 23:00,2021,2,10,23:00,-7.7,-13.2,65,28,21,M,100.12,-15
-79.37,43.86,TORONTO BUTTONVILLE A,6158409,2021-02-11 0:00,2021,2,11,0:00,-7.9,-13.3,65,27,14,M,100.07,-14
-79.37,43.86,TORONTO BUTTONVILLE A,6158409,2021-02-11 1:00,2021,2,11,1:00,-8.1,-13.4,66,28,17,M,100.13,-15
-79.37,43.86,TORONTO BUTTONVILLE A,6158409,2021-02-11 2:00,2021,2,11,2:00,-8.2,-13.9,64,28,16,M,100.12,-15
-79.37,43.86,TORONTO BUTTONVILLE A,6158409,2021-02-11 3:00,2021,2,11,3:00,-8.4,-13.6,67,28,16,M,100.12,-15
-79.37,43.86,TORONTO BUTTONVILLE A,6158409,2021-02-11 4:00,2021,2,11,4:00,-8.3,-12.9,70,28,12,M,100.12,-14
-79.37,43.86,TORONTO BUTTONVILLE A,6158409,2021-02-11 5:00,2021,2,11,5:00,-8.4,-12.7,72,28,15,M,100.16,-15
-79.37,43.86,TORONTO BUTTONVILLE A,6158409,2021-02-11 6:00,2021,2,11,6:00,-8.5,-12.4,73,28,17,M,100.14,-15
-79.37,43.86,TORONTO BUTTONVILLE A,6158409,2021-02-11 7:00,2021,2,11,7:00,-8.7,-12.2,76,30,19,M,100.19,-16
-79.37,43.86,TORONTO BUTTONVILLE A,6158409,2021-02-11 8:00,2021,2,11,8:00,-10,-12.7,81,32,14,M,100.28,-16
-79.37,43.86,TORONTO BUTTONVILLE A,6158409,2021-02-11 9:00,2021,2,11,9:00,-9,-12.6,75,32,13,M,100.35,-15
-79.37,43.86,TORONTO BUTTONVILLE A,6158409,2021-02-11 10:00,2021,2,11,10:00,-7,-13.3,61,31,14,M,100.38,-13
-79.37,43.86,TORONTO BUTTONVILLE A,6158409,2021-02-11 11:00,2021,2,11,11:00,-6.5,-14.6,53,33,18,M,100.44,-13
-79.37,43.86,TORONTO BUTTONVILLE A,6158409,2021-02-11 12:00,2021,2,11,12:00,-6,-13.7,55,32,14,M,100.45,-12
-79.37,43.86,TORONTO BUTTONVILLE A,6158409,2021-02-11 13:00,2021,2,11,13:00,-5.7,-13.8,53,31,18,M,100.42,-12
-79.37,43.86,TORONTO BUTTONVILLE A,6158409,2021-02-11 14:00,2021,2,11,14:00,-5.8,-13.9,53,31,18,M,100.4,-12
-79.37,43.86,TORONTO BUTTONVILLE A,6158409,2021-02-11 15:00,2021,2,11,15:00,-5.9,-15.6,47,32,25,M,100.39,-13
-79.37,43.86,TORONTO BUTTONVILLE A,6158409,2021-02-11 16:00,2021,2,11,16:00,-6.2,-15.3,49,32,18,M,100.41,-13
-79.37,43.86,TORONTO BUTTONVILLE A,6158409,2021-02-11 17:00,2021,2,11,17:00,-6.9,-16.2,48,32,21,M,100.43,-14
-79.37,43.86,TORONTO BUTTONVILLE A,6158409,2021-02-11 18:00,2021,2,11,18:00,-8.1,-16.5,51,30,22,M,100.47,-16
-79.37,43.86,TORONTO BUTTONVILLE A,6158409,2021-02-11 19:00,2021,2,11,19:00,-9.2,-15.6,60,30,22,M,100.54,-17
-79.37,43.86,TORONTO BUTTONVILLE A,6158409,2021-02-11 20:00,2021,2,11,20:00,-9.9,-15.6,64,30,18,M,100.57,-17
-79.37,43.86,TORONTO BUTTONVILLE A,6158409,2021-02-11 21:00,2021,2,11,21:00,-10.4,-15.8,65,31,19,M,100.54,-18
-79.37,43.86,TORONTO BUTTONVILLE A,6158409,2021-02-11 22:00,2021,2,11,22:00,-11.1,-17,62,31,14,M,100.58,-18
-79.37,43.86,TORONTO BUTTONVILLE A,6158409,2021-02-11 23:00,2021,2,11,23:00,-11.8,-17.4,63,32,16,M,100.56,-19
-79.37,43.86,TORONTO BUTTONVILLE A,6158409,2021-02-12 0:00,2021,2,12,0:00,-12.1,-18,62,33,13,M,100.58,-19
-79.37,43.86,TORONTO BUTTONVILLE A,6158409,2021-02-12 1:00,2021,2,12,1:00,-12.3,-18.7,60,33,10,M,100.61,-18
-79.37,43.86,TORONTO BUTTONVILLE A,6158409,2021-02-12 2:00,2021,2,12,2:00,-13.4,-19.6,60,34,8,M,100.59,-18
-79.37,43.86,TORONTO BUTTONVILLE A,6158409,2021-02-12 3:00,2021,2,12,3:00,-14.1,-19.9,62,33,10,M,100.55,-20
-79.37,43.86,TORONTO BUTTONVILLE A,6158409,2021-02-12 4:00,2021,2,12,4:00,-14.2,-20.6,59,2,9,M,100.55,-20
-79.37,43.86,TORONTO BUTTONVILLE A,6158409,2021-02-12 5:00,2021,2,12,5:00,-14.6,-21.5,56,33,10,M,100.6,-21
-79.37,43.86,TORONTO BUTTONVILLE A,6158409,2021-02-12 6:00,2021,2,12,6:00,-14.8,-21.9,55,3,13,M,100.6,-22
-79.37,43.86,TORONTO BUTTONVILLE A,6158409,2021-02-12 7:00,2021,2,12,7:00,-14.7,-21.9,55,1,9,M,100.63,-20
-79.37,43.86,TORONTO BUTTONVILLE A,6158409,2021-02-12 8:00,2021,2,12,8:00,-15,-21.7,57,2,12,M,100.6,-22
-79.37,43.86,TORONTO BUTTONVILLE A,6158409,2021-02-12 9:00,2021,2,12,9:00,-15,-21,61,2,10,M,100.58,-21
-79.37,43.86,TORONTO BUTTONVILLE A,6158409,2021-02-12 10:00,2021,2,12,10:00,-14.5,-20.2,62,2,10,M,100.57,-21
-79.37,43.86,TORONTO BUTTONVILLE A,6158409,2021-02-12 11:00,2021,2,12,11:00,-13.7,-19.3,63,1,7,M,100.49,-18
-79.37,43.86,TORONTO BUTTONVILLE A,6158409,2021-02-12 12:00,2021,2,12,12:00,-12,-18.6,58,32,13,M,100.49,-19
-79.37,43.86,TORONTO BUTTONVILLE A,6158409,2021-02-12 13:00,2021,2,12,13:00,-11,-16.9,62,32,8,M,100.43,-16
-79.37,43.86,TORONTO BUTTONVILLE A,6158409,2021-02-12 14:00,2021,2,12,14:00,-10,-15.9,62,32,8,M,100.41,-14
-79.37,43.86,TORONTO BUTTONVILLE A,6158409,2021-02-12 15:00,2021,2,12,15:00,-9.5,-15.5,62,36,9,M,100.36,-14
-79.37,43.86,TORONTO BUTTONVILLE A,6158409,2021-02-12 16:00,2021,2,12,16:00,-9,-15.9,58,32,11,M,100.37,-14
-79.37,43.86,TORONTO BUTTONVILLE A,6158409,2021-02-12 17:00,2021,2,12,17:00,-9.6,-18.1,50,1,10,M,100.38,-15
-79.37,43.86,TORONTO BUTTONVILLE A,6158409,2021-02-12 18:00,2021,2,12,18:00,-10.6,-19.1,50,35,6,M,100.44,-14
-79.37,43.86,TORONTO BUTTONVILLE A,6158409,2021-02-12 19:00,2021,2,12,19:00,-11.3,-19.6,51,32,11,M,100.5,-17
-79.37,43.86,TORONTO BUTTONVILLE A,6158409,2021-02-12 20:00,2021,2,12,20:00,-11.8,-19.5,53,32,13,M,100.51,-18
-79.37,43.86,TORONTO BUTTONVILLE A,6158409,2021-02-12 21:00,2021,2,12,21:00,-12.4,-19.5,56,30,12,M,100.55,-19
-79.37,43.86,TORONTO BUTTONVILLE A,6158409,2021-02-12 22:00,2021,2,12,22:00,-13.1,-20.1,56,32,10,M,100.57,-19
-79.37,43.86,TORONTO BUTTONVILLE A,6158409,2021-02-12 23:00,2021,2,12,23:00,-13.5,-20.6,56,29,11,M,100.57,-20
-79.37,43.86,TORONTO BUTTONVILLE A,6158409,2021-02-13 0:00,2021,2,13,0:00,-14.3,-20.1,62,29,10,M,100.57,-20
-79.37,43.86,TORONTO BUTTONVILLE A,6158409,2021-02-13 1:00,2021,2,13,1:00,-13.7,-19.1,64,32,12,M,100.58,-20
-79.37,43.86,TORONTO BUTTONVILLE A,6158409,2021-02-13 2:00,2021,2,13,2:00,-14,-20.1,61,32,11,M,100.53,-20
-79.37,43.86,TORONTO BUTTONVILLE A,6158409,2021-02-13 3:00,2021,2,13,3:00,-13.8,-20.4,58,31,13,M,100.53,-21
-79.37,43.86,TORONTO BUTTONVILLE A,6158409,2021-02-13 4:00,2021,2,13,4:00,-13.9,-20.6,58,32,11,M,100.56,-20
-79.37,43.86,TORONTO BUTTONVILLE A,6158409,2021-02-13 5:00,2021,2,13,5:00,-13.8,-21,55,32,7,M,100.56,-18
-79.37,43.86,TORONTO BUTTONVILLE A,6158409,2021-02-13 6:00,2021,2,13,6:00,-13.6,-22,50,2,9,M,100.56,-19
-79.37,43.86,TORONTO BUTTONVILLE A,6158409,2021-02-13 7:00,2021,2,13,7:00,-13.7,-22.2,49,5,13,M,100.56,-21
-79.37,43.86,TORONTO BUTTONVILLE A,6158409,2021-02-13 8:00,2021,2,13,8:00,-13.7,-22.5,48,5,13,M,100.6,-21
-79.37,43.86,TORONTO BUTTONVILLE A,6158409,2021-02-13 9:00,2021,2,13,9:00,-13.6,-21.7,51,4,11,M,100.6,-20
-79.37,43.86,TORONTO BUTTONVILLE A,6158409,2021-02-13 10:00,2021,2,13,10:00,-12.7,-20.9,51,12,5,M,100.59,-16
-79.37,43.86,TORONTO BUTTONVILLE A,6158409,2021-02-13 11:00,2021,2,13,11:00,-11.8,-20.7,48,34,8,M,100.53,-17
-79.37,43.86,TORONTO BUTTONVILLE A,6158409,2021-02-13 12:00,2021,2,13,12:00,-11.1,-20.5,46,5,14,M,100.45,-18
-79.37,43.86,TORONTO BUTTONVILLE A,6158409,2021-02-13 13:00,2021,2,13,13:00,-10.3,-20.5,43,5,18,M,100.31,-18
-79.37,43.86,TORONTO BUTTONVILLE A,6158409,2021-02-13 14:00,2021,2,13,14:00,-10,-19.9,45,5,13,M,100.21,-16
-79.37,43.86,TORONTO BUTTONVILLE A,6158409,2021-02-13 15:00,2021,2,13,15:00,-10.4,-19.1,50,5,13,M,100.12,-17
-79.37,43.86,TORONTO BUTTONVILLE A,6158409,2021-02-13 16:00,2021,2,13,16:00,-11,-17.1,61,6,16,M,100.05,-18
-79.37,43.86,TORONTO BUTTONVILLE A,6158409,2021-02-13 17:00,2021,2,13,17:00,-11.3,-15.2,73,7,16,M,99.99,-19
-79.37,43.86,TORONTO BUTTONVILLE A,6158409,2021-02-13 18:00,2021,2,13,18:00,-11.6,-14.9,77,3,12,M,99.99,-18
-79.37,43.86,TORONTO BUTTONVILLE A,6158409,2021-02-13 19:00,2021,2,13,19:00,-11.6,-14.2,81,3,9,M,99.95,-17
-79.37,43.86,TORONTO BUTTONVILLE A,6158409,2021-02-13 20:00,2021,2,13,20:00,-11.4,-13.7,83,35,8,M,99.8,-16
-79.37,43.86,TORONTO BUTTONVILLE A,6158409,2021-02-13 21:00,2021,2,13,21:00,-11.1,-13.5,82,33,10,M,99.8,-17
-79.37,43.86,TORONTO BUTTONVILLE A,6158409,2021-02-13 22:00,2021,2,13,22:00,-11,-13.4,82,32,11,M,99.74,-17
-79.37,43.86,TORONTO BUTTONVILLE A,6158409,2021-02-13 23:00,2021,2,13,23:00,-11,-13.6,82,32,14,M,99.7,-18
-79.37,43.86,TORONTO BUTTONVILLE A,6158409,2021-02-14 0:00,2021,2,14,0:00,-11.1,-13.2,84,33,13,M,99.67,-18
-79.37,43.86,TORONTO BUTTONVILLE A,6158409,2021-02-14 1:00,2021,2,14,1:00,-11,-13.2,84,33,10,M,99.69,-16
-79.37,43.86,TORONTO BUTTONVILLE A,6158409,2021-02-14 2:00,2021,2,14,2:00,-10.9,-13.5,81,31,12,M,99.74,-17
-79.37,43.86,TORONTO BUTTONVILLE A,6158409,2021-02-14 3:00,2021,2,14,3:00,-10.9,-13.5,81,31,17,M,99.77,-18
-79.37,43.86,TORONTO BUTTONVILLE A,6158409,2021-02-14 4:00,2021,2,14,4:00,-11.1,-13.7,81,31,19,M,99.78,-19
-79.37,43.86,TORONTO BUTTONVILLE A,6158409,2021-02-14 5:00,2021,2,14,5:00,-12.7,-15.2,82,30,16,M,99.89,-20
-79.37,43.86,TORONTO BUTTONVILLE A,6158409,2021-02-14 6:00,2021,2,14,6:00,-13.1,-15.2,85,29,14,M,100,-20
-79.37,43.86,TORONTO BUTTONVILLE A,6158409,2021-02-14 7:00,2021,2,14,7:00,-14,-15.9,86,29,14,M,100.03,-21
-79.37,43.86,TORONTO BUTTONVILLE A,6158409,2021-02-14 8:00,2021,2,14,8:00,-12.8,-14.9,85,25,4,M,100.12,-15
-79.37,43.86,TORONTO BUTTONVILLE A,6158409,2021-02-14 9:00,2021,2,14,9:00,-11.4,-14.6,77,27,6,M,100.2,-15
-79.37,43.86,TORONTO BUTTONVILLE A,6158409,2021-02-14 10:00,2021,2,14,10:00,-9.3,-13.7,71,21,10,M,100.22,-14
-79.37,43.86,TORONTO BUTTONVILLE A,6158409,2021-02-14 11:00,2021,2,14,11:00,-7.5,-12.4,68,21,8,M,100.23,-12
-79.37,43.86,TORONTO BUTTONVILLE A,6158409,2021-02-14 12:00,2021,2,14,12:00,-6.4,-12.7,61,29,8,M,100.27,-10
-79.37,43.86,TORONTO BUTTONVILLE A,6158409,2021-02-14 13:00,2021,2,14,13:00,-5.4,-12.5,58,30,17,M,100.19,-11
-79.37,43.86,TORONTO BUTTONVILLE A,6158409,2021-02-14 14:00,2021,2,14,14:00,-4.8,-13.4,51,29,14,M,100.22,-10
-79.37,43.86,TORONTO BUTTONVILLE A,6158409,2021-02-14 15:00,2021,2,14,15:00,-4.3,-14.6,45,30,17,M,100.12,-10
-79.37,43.86,TORONTO BUTTONVILLE A,6158409,2021-02-14 16:00,2021,2,14,16:00,-4.5,-13.4,50,31,10,M,100.13,-9
-79.37,43.86,TORONTO BUTTONVILLE A,6158409,2021-02-14 17:00,2021,2,14,17:00,-4.7,-13.6,50,30,9,M,100.17,-9
-79.37,43.86,TORONTO BUTTONVILLE A,6158409,2021-02-14 18:00,2021,2,14,18:00,-5.5,-10.9,66,19,10,M,100.23,-10
-79.37,43.86,TORONTO BUTTONVILLE A,6158409,2021-02-14 19:00,2021,2,14,19:00,-5.4,-10.2,69,20,11,M,100.29,-10
-79.37,43.86,TORONTO BUTTONVILLE A,6158409,2021-02-14 20:00,2021,2,14,20:00,-5.5,-11.1,65,23,8,M,100.29,-9
-79.37,43.86,TORONTO BUTTONVILLE A,6158409,2021-02-14 21:00,2021,2,14,21:00,-6.6,-11.9,66,27,14,M,100.26,-12
-79.37,43.86,TORONTO BUTTONVILLE A,6158409,2021-02-14 22:00,2021,2,14,22:00,-6.5,-12,65,28,17,M,100.24,-13
-79.37,43.86,TORONTO BUTTONVILLE A,6158409,2021-02-14 23:00,2021,2,14,23:00,-6.8,-11.6,69,30,14,M,100.18,-13
-79.37,43.86,TORONTO BUTTONVILLE A,6158409,2021-02-15 0:00,2021,2,15,0:00,-8.2,-12.4,72,29,14,M,100.15,-14
-79.37,43.86,TORONTO BUTTONVILLE A,6158409,2021-02-15 1:00,2021,2,15,1:00,-8.2,-12.1,74,29,12,M,100.13,-14
-79.37,43.86,TORONTO BUTTONVILLE A,6158409,2021-02-15 2:00,2021,2,15,2:00,-7.7,-11.6,74,28,13,M,100.14,-13
-79.37,43.86,TORONTO BUTTONVILLE A,6158409,2021-02-15 3:00,2021,2,15,3:00,-7.4,-11.1,75,28,13,M,100.11,-13
-79.37,43.86,TORONTO BUTTONVILLE A,6158409,2021-02-15 4:00,2021,2,15,4:00,-7.1,-10.9,74,29,12,M,100.07,-12
-79.37,43.86,TORONTO BUTTONVILLE A,6158409,2021-02-15 5:00,2021,2,15,5:00,-6.9,-10.7,75,31,15,M,100.05,-13
-79.37,43.86,TORONTO BUTTONVILLE A,6158409,2021-02-15 6:00,2021,2,15,6:00,-7,-10.7,75,31,15,M,100.1,-13
-79.37,43.86,TORONTO BUTTONVILLE A,6158409,2021-02-15 7:00,2021,2,15,7:00,-7.2,-10.4,78,31,17,M,100.11,-14
-79.37,43.86,TORONTO BUTTONVILLE A,6158409,2021-02-15 8:00,2021,2,15,8:00,-7.8,-10.6,80,32,14,M,100.12,-14
-79.37,43.86,TORONTO BUTTONVILLE A,6158409,2021-02-15 9:00,2021,2,15,9:00,-8,-11.3,77,32,16,M,100.07,-15
-79.37,43.86,TORONTO BUTTONVILLE A,6158409,2021-02-15 10:00,2021,2,15,10:00,-7.7,-11.3,76,33,10,M,100.08,-13
-79.37,43.86,TORONTO BUTTONVILLE A,6158409,2021-02-15 11:00,2021,2,15,11:00,-7.2,-10.3,79,32,18,M,100.11,-14
-79.37,43.86,TORONTO BUTTONVILLE A,6158409,2021-02-15 12:00,2021,2,15,12:00,-6.3,-10.8,70,32,14,M,100.06,-12
-79.37,43.86,TORONTO BUTTONVILLE A,6158409,2021-02-15 13:00,2021,2,15,13:00,-5.6,-11.1,66,32,18,M,99.93,-12
-79.37,43.86,TORONTO BUTTONVILLE A,6158409,2021-02-15 14:00,2021,2,15,14:00,-5.3,-11.5,62,31,16,M,99.92,-11
-79.37,43.86,TORONTO BUTTONVILLE A,6158409,2021-02-15 15:00,2021,2,15,15:00,-5.7,-11.4,64,32,17,M,99.91,-12
-79.37,43.86,TORONTO BUTTONVILLE A,6158409,2021-02-15 16:00,2021,2,15,16:00,-6.1,-12.4,61,34,14,M,99.92,-12
-79.37,43.86,TORONTO BUTTONVILLE A,6158409,2021-02-15 17:00,2021,2,15,17:00,-6.4,-12.1,64,32,21,M,99.86,-13
-79.37,43.86,TORONTO BUTTONVILLE A,6158409,2021-02-15 18:00,2021,2,15,18:00,-6.8,-11.9,67,2,13,M,99.77,-12
-79.37,43.86,TORONTO BUTTONVILLE A,6158409,2021-02-15 19:00,2021,2,15,19:00,-7.4,-11.8,71,36,13,M,99.73,-13
-79.37,43.86,TORONTO BUTTONVILLE A,6158409,2021-02-15 20:00,2021,2,15,20:00,-8.9,-12.5,75,34,14,M,99.62,-15
-79.37,43.86,TORONTO BUTTONVILLE A,6158409,2021-02-15 21:00,2021,2,15,21:00,-9.2,-11.7,82,33,14,M,99.59,-16
-79.37,43.86,TORONTO BUTTONVILLE A,6158409,2021-02-15 22:00,2021,2,15,22:00,-9.8,-12,84,35,15,M,99.37,-16
-79.37,43.86,TORONTO BUTTONVILLE A,6158409,2021-02-15 23:00,2021,2,15,23:00,-10,-12.1,85,36,13,M,99.1,-16
-79.37,43.86,TORONTO BUTTONVILLE A,6158409,2021-02-16 0:00,2021,2,16,0:00,-9.5,-11.5,85,1,10,M,98.86,-15
-79.37,43.86,TORONTO BUTTONVILLE A,6158409,2021-02-16 1:00,2021,2,16,1:00,-8.8,-10.5,87,1,14,M,98.82,-15
-79.37,43.86,TORONTO BUTTONVILLE A,6158409,2021-02-16 2:00,2021,2,16,2:00,-8.6,-10.2,88,3,18,M,98.53,-16
-79.37,43.86,TORONTO BUTTONVILLE A,6158409,2021-02-16 3:00,2021,2,16,3:00,-8.5,-11,82,3,27,M,98.36,-17
-79.37,43.86,TORONTO BUTTONVILLE A,6158409,2021-02-16 4:00,2021,2,16,4:00,-9.2,-11,86,36,13,M,98.3,-15
-79.37,43.86,TORONTO BUTTONVILLE A,6158409,2021-02-16 5:00,2021,2,16,5:00,-9.4,-11.6,84,1,18,M,98.25,-17
-79.37,43.86,TORONTO BUTTONVILLE A,6158409,2021-02-16 6:00,2021,2,16,6:00,-9.5,-13.1,75,1,17,M,98.21,-17
-79.37,43.86,TORONTO BUTTONVILLE A,6158409,2021-02-16 7:00,2021,2,16,7:00,-10.1,-13.8,75,35,18,M,98.13,-18
-79.37,43.86,TORONTO BUTTONVILLE A,6158409,2021-02-16 8:00,2021,2,16,8:00,-10.9,-14.2,77,35,21,M,98.13,-19
-79.37,43.86,TORONTO BUTTONVILLE A,6158409,2021-02-16 9:00,2021,2,16,9:00,-11.3,-14.6,77,34,30,M,98.16,-21
-79.37,43.86,TORONTO BUTTONVILLE A,6158409,2021-02-16 10:00,2021,2,16,10:00,-11.6,-14.9,77,34,29,M,98.17,-21
-79.37,43.86,TORONTO BUTTONVILLE A,6158409,2021-02-16 11:00,2021,2,16,11:00,-11.3,-15,74,34,25,M,98.18,-20
-79.37,43.86,TORONTO BUTTONVILLE A,6158409,2021-02-16 12:00,2021,2,16,12:00,-10.8,-15.3,69,33,28,M,98.26,-20
-79.37,43.86,TORONTO BUTTONVILLE A,6158409,2021-02-16 13:00,2021,2,16,13:00,-10.1,-15,68,32,28,M,98.34,-19
-79.37,43.86,TORONTO BUTTONVILLE A,6158409,2021-02-16 14:00,2021,2,16,14:00,-9.4,-14.2,68,30,28,M,98.39,-18
-79.37,43.86,TORONTO BUTTONVILLE A,6158409,2021-02-16 15:00,2021,2,16,15:00,-8.5,-13.3,69,29,23,M,98.51,-17
-79.37,43.86,TORONTO BUTTONVILLE A,6158409,2021-02-16 16:00,2021,2,16,16:00,-8.3,-12.9,70,29,25,M,98.67,-17
-79.37,43.86,TORONTO BUTTONVILLE A,6158409,2021-02-16 17:00,2021,2,16,17:00,-9,-13.3,71,30,26,M,98.85,-18
-79.37,43.86,TORONTO BUTTONVILLE A,6158409,2021-02-16 18:00,2021,2,16,18:00,-9.6,-14.4,69,30,26,M,98.96,-18
-79.37,43.86,TORONTO BUTTONVILLE A,6158409,2021-02-16 19:00,2021,2,16,19:00,-10.4,-15.9,64,28,22,M,99.1,-19
-79.37,43.86,TORONTO BUTTONVILLE A,6158409,2021-02-16 20:00,2021,2,16,20:00,-10.9,-15.5,69,29,23,M,99.24,-20
-79.37,43.86,TORONTO BUTTONVILLE A,6158409,2021-02-16 21:00,2021,2,16,21:00,-11,-13.7,80,30,21,M,99.38,-19
-79.37,43.86,TORONTO BUTTONVILLE A,6158409,2021-02-16 22:00,2021,2,16,22:00,-12.1,-16.6,69,28,21,M,99.54,-21
-79.37,43.86,TORONTO BUTTONVILLE A,6158409,2021-02-16 23:00,2021,2,16,23:00,-12.1,-15.5,76,27,11,M,99.66,-18
-79.37,43.86,TORONTO BUTTONVILLE A,6158409,2021-02-17 0:00,2021,2,17,0:00,-12.7,-15.6,79,26,5,M,99.72,-16
-79.37,43.86,TORONTO BUTTONVILLE A,6158409,2021-02-17 1:00,2021,2,17,1:00,-13.5,-15.7,84,24,6,M,99.84,-18
-79.37,43.86,TORONTO BUTTONVILLE A,6158409,2021-02-17 2:00,2021,2,17,2:00,-14.3,-16.2,86,23,6,M,99.91,-18
-79.37,43.86,TORONTO BUTTONVILLE A,6158409,2021-02-17 3:00,2021,2,17,3:00,-15.1,-17.8,80,23,5,M,99.94,-19
-79.37,43.86,TORONTO BUTTONVILLE A,6158409,2021-02-17 4:00,2021,2,17,4:00,-16.6,-18.5,86,27,10,M,100.01,-23
-79.37,43.86,TORONTO BUTTONVILLE A,6158409,2021-02-17 5:00,2021,2,17,5:00,-15.3,-18,80,28,12,M,100.1,-22
-79.37,43.86,TORONTO BUTTONVILLE A,6158409,2021-02-17 6:00,2021,2,17,6:00,-14.4,-17,81,28,12,M,100.25,-21
-79.37,43.86,TORONTO BUTTONVILLE A,6158409,2021-02-17 7:00,2021,2,17,7:00,-11.8,-14.6,80,23,8,M,100.32,-17
-79.37,43.86,TORONTO BUTTONVILLE A,6158409,2021-02-17 8:00,2021,2,17,8:00,-10.8,-13.9,79,26,7,M,100.37,-15
-79.37,43.86,TORONTO BUTTONVILLE A,6158409,2021-02-17 9:00,2021,2,17,9:00,-9.1,-14.2,67,24,14,M,100.44,-15
-79.37,43.86,TORONTO BUTTONVILLE A,6158409,2021-02-17 10:00,2021,2,17,10:00,-6.4,-13.9,56,25,14,M,100.42,-12
-79.37,43.86,TORONTO BUTTONVILLE A,6158409,2021-02-17 11:00,2021,2,17,11:00,-5.2,-14.5,49,24,16,M,100.44,-11
-79.37,43.86,TORONTO BUTTONVILLE A,6158409,2021-02-17 12:00,2021,2,17,12:00,-4.3,-14.7,44,22,10,M,100.49,-8
-79.37,43.86,TORONTO BUTTONVILLE A,6158409,2021-02-17 13:00,2021,2,17,13:00,-3.8,-14.7,43,21,10,M,100.45,-8
-79.37,43.86,TORONTO BUTTONVILLE A,6158409,2021-02-17 14:00,2021,2,17,14:00,-4.3,-14.6,45,28,14,M,100.46,-9
-79.37,43.86,TORONTO BUTTONVILLE A,6158409,2021-02-17 15:00,2021,2,17,15:00,-4.2,-14.1,46,24,12,M,100.5,-9
-79.37,43.86,TORONTO BUTTONVILLE A,6158409,2021-02-17 16:00,2021,2,17,16:00,-4.3,-13.8,48,21,11,M,100.53,-9
-79.37,43.86,TORONTO BUTTONVILLE A,6158409,2021-02-17 17:00,2021,2,17,17:00,-4.4,-13.5,50,27,19,M,100.47,-11
-79.37,43.86,TORONTO BUTTONVILLE A,6158409,2021-02-17 18:00,2021,2,17,18:00,-5,-13.7,51,30,19,M,100.49,-11
-79.37,43.86,TORONTO BUTTONVILLE A,6158409,2021-02-17 19:00,2021,2,17,19:00,-5.8,-12.9,57,29,17,M,100.56,-12
-79.37,43.86,TORONTO BUTTONVILLE A,6158409,2021-02-17 20:00,2021,2,17,20:00,-5.9,-12.5,60,28,15,M,100.61,-12
-79.37,43.86,TORONTO BUTTONVILLE A,6158409,2021-02-17 21:00,2021,2,17,21:00,-7,-13,63,30,10,M,100.62,-12
-79.37,43.86,TORONTO BUTTONVILLE A,6158409,2021-02-17 22:00,2021,2,17,22:00,-7.2,-13.3,62,29,14,M,100.68,-13
-79.37,43.86,TORONTO BUTTONVILLE A,6158409,2021-02-17 23:00,2021,2,17,23:00,-7.8,-13.4,64,28,11,M,100.66,-13
-79.37,43.86,TORONTO BUTTONVILLE A,6158409,2021-02-18 0:00,2021,2,18,0:00,-9,-13.4,70,30,9,M,100.62,-14
-79.37,43.86,TORONTO BUTTONVILLE A,6158409,2021-02-18 1:00,2021,2,18,1:00,-8.6,-13.6,68,30,11,M,100.71,-14
-79.37,43.86,TORONTO BUTTONVILLE A,6158409,2021-02-18 2:00,2021,2,18,2:00,-8.4,-13.5,67,32,12,M,100.72,-14
-79.37,43.86,TORONTO BUTTONVILLE A,6158409,2021-02-18 3:00,2021,2,18,3:00,-8.2,-13.4,66,32,12,M,100.67,-14
-79.37,43.86,TORONTO BUTTONVILLE A,6158409,2021-02-18 4:00,2021,2,18,4:00,-8.5,-13.1,70,31,10,M,100.66,-13
-79.37,43.86,TORONTO BUTTONVILLE A,6158409,2021-02-18 5:00,2021,2,18,5:00,-8.4,-12.9,70,29,10,M,100.68,-13
-79.37,43.86,TORONTO BUTTONVILLE A,6158409,2021-02-18 6:00,2021,2,18,6:00,-7.8,-12.4,69,34,10,M,100.64,-13
-79.37,43.86,TORONTO BUTTONVILLE A,6158409,2021-02-18 7:00,2021,2,18,7:00,-7.4,-12.5,67,36,10,M,100.57,-12
-79.37,43.86,TORONTO BUTTONVILLE A,6158409,2021-02-18 8:00,2021,2,18,8:00,-6.7,-12.4,64,1,9,M,100.57,-11
-79.37,43.86,TORONTO BUTTONVILLE A,6158409,2021-02-18 9:00,2021,2,18,9:00,-6,-12.4,61,7,14,M,100.51,-12
-79.37,43.86,TORONTO BUTTONVILLE A,6158409,2021-02-18 10:00,2021,2,18,10:00,-5.5,-12.1,60,7,22,M,100.44,-13
-79.37,43.86,TORONTO BUTTONVILLE A,6158409,2021-02-18 11:00,2021,2,18,11:00,-5,-11.6,60,8,18,M,100.43,-11
-79.37,43.86,TORONTO BUTTONVILLE A,6158409,2021-02-18 12:00,2021,2,18,12:00,-4.3,-11.6,57,6,15,M,100.39,-10
-79.37,43.86,TORONTO BUTTONVILLE A,6158409,2021-02-18 13:00,2021,2,18,13:00,-4,-11,59,8,16,M,100.36,-10
-79.37,43.86,TORONTO BUTTONVILLE A,6158409,2021-02-18 14:00,2021,2,18,14:00,-4.8,-8.2,77,6,17,M,100.32,-11
-79.37,43.86,TORONTO BUTTONVILLE A,6158409,2021-02-18 15:00,2021,2,18,15:00,-4.3,-7.3,80,7,13,M,100.3,-9
-79.37,43.86,TORONTO BUTTONVILLE A,6158409,2021-02-18 16:00,2021,2,18,16:00,-4.4,-6.7,84,8,13,M,100.31,-9
-79.37,43.86,TORONTO BUTTONVILLE A,6158409,2021-02-18 17:00,2021,2,18,17:00,-4.7,-7.1,83,8,11,M,100.22,-9
-79.37,43.86,TORONTO BUTTONVILLE A,6158409,2021-02-18 18:00,2021,2,18,18:00,-5,-7.9,80,4,8,M,100.2,-9
-79.37,43.86,TORONTO BUTTONVILLE A,6158409,2021-02-18 19:00,2021,2,18,19:00,-5,-8.6,76,7,15,M,100.21,-11
-79.37,43.86,TORONTO BUTTONVILLE A,6158409,2021-02-18 20:00,2021,2,18,20:00,-5.4,-8.1,81,6,10,M,100.18,-10
-79.37,43.86,TORONTO BUTTONVILLE A,6158409,2021-02-18 21:00,2021,2,18,21:00,-5.9,-8.5,82,5,13,M,100.16,-11
-79.37,43.86,TORONTO BUTTONVILLE A,6158409,2021-02-18 22:00,2021,2,18,22:00,-6.4,-8.7,84,5,12,M,100.07,-12
-79.37,43.86,TORONTO BUTTONVILLE A,6158409,2021-02-18 23:00,2021,2,18,23:00,-6.8,-9.1,84,36,9,M,100.05,-11
-79.37,43.86,TORONTO BUTTONVILLE A,6158409,2021-02-19 0:00,2021,2,19,0:00,-6.8,-9.2,83,,,M,99.95,
-79.37,43.86,TORONTO BUTTONVILLE A,6158409,2021-02-19 1:00,2021,2,19,1:00,-6.7,-9.2,82,3,9,M,99.9,-11
-79.37,43.86,TORONTO BUTTONVILLE A,6158409,2021-02-19 2:00,2021,2,19,2:00,-6.5,-8.7,84,1,9,M,99.88,-11
-79.37,43.86,TORONTO BUTTONVILLE A,6158409,2021-02-19 3:00,2021,2,19,3:00,-6.6,-8.4,87,35,9,M,99.85,-11
-79.37,43.86,TORONTO BUTTONVILLE A,6158409,2021-02-19 4:00,2021,2,19,4:00,-6.9,-8.7,87,32,12,M,99.74,-12
-79.37,43.86,TORONTO BUTTONVILLE A,6158409,2021-02-19 5:00,2021,2,19,5:00,-7,-8.8,87,31,12,M,99.75,-12
-79.37,43.86,TORONTO BUTTONVILLE A,6158409,2021-02-19 6:00,2021,2,19,6:00,-7,-8.8,87,31,10,M,99.71,-12
-79.37,43.86,TORONTO BUTTONVILLE A,6158409,2021-02-19 7:00,2021,2,19,7:00,-7.1,-8.9,87,32,12,M,99.69,-12
-79.37,43.86,TORONTO BUTTONVILLE A,6158409,2021-02-19 8:00,2021,2,19,8:00,-7.1,-9.1,86,31,13,M,99.69,-13
-79.37,43.86,TORONTO BUTTONVILLE A,6158409,2021-02-19 9:00,2021,2,19,9:00,-6.8,-8.9,85,31,12,M,99.69,-12
-79.37,43.86,TORONTO BUTTONVILLE A,6158409,2021-02-19 10:00,2021,2,19,10:00,-6.3,-8.4,85,30,11,M,99.64,-11
-79.37,43.86,TORONTO BUTTONVILLE A,6158409,2021-02-19 11:00,2021,2,19,11:00,-5.4,-7.6,84,30,11,M,99.64,-10
-79.37,43.86,TORONTO BUTTONVILLE A,6158409,2021-02-19 12:00,2021,2,19,12:00,-4.7,-7.2,83,30,14,M,99.63,-10
-79.37,43.86,TORONTO BUTTONVILLE A,6158409,2021-02-19 13:00,2021,2,19,13:00,-3.8,-6.7,80,30,9,M,99.54,-8
-79.37,43.86,TORONTO BUTTONVILLE A,6158409,2021-02-19 14:00,2021,2,19,14:00,-3.5,-6.8,78,29,10,M,99.52,-7
-79.37,43.86,TORONTO BUTTONVILLE A,6158409,2021-02-19 15:00,2021,2,19,15:00,-3.1,-6.8,76,27,21,M,99.54,-9
-79.37,43.86,TORONTO BUTTONVILLE A,6158409,2021-02-19 16:00,2021,2,19,16:00,-3.2,-7.1,75,29,14,M,99.56,-8
-79.37,43.86,TORONTO BUTTONVILLE A,6158409,2021-02-19 17:00,2021,2,19,17:00,-3.2,-7.4,73,30,17,M,99.56,-9
-79.37,43.86,TORONTO BUTTONVILLE A,6158409,2021-02-19 18:00,2021,2,19,18:00,-3.4,-7.8,72,28,18,M,99.58,-9
-79.37,43.86,TORONTO BUTTONVILLE A,6158409,2021-02-19 19:00,2021,2,19,19:00,-4.1,-8,75,29,17,M,99.62,-10
-79.37,43.86,TORONTO BUTTONVILLE A,6158409,2021-02-19 20:00,2021,2,19,20:00,-5.1,-9.6,71,29,18,M,99.63,-11
-79.37,43.86,TORONTO BUTTONVILLE A,6158409,2021-02-19 21:00,2021,2,19,21:00,-6.1,-9.6,76,27,10,M,99.64,-11
-79.37,43.86,TORONTO BUTTONVILLE A,6158409,2021-02-19 22:00,2021,2,19,22:00,-5.5,-9.2,75,28,16,M,99.68,-11
-79.37,43.86,TORONTO BUTTONVILLE A,6158409,2021-02-19 23:00,2021,2,19,23:00,-5.4,-9.2,75,28,16,M,99.65,-11
-79.37,43.86,TORONTO BUTTONVILLE A,6158409,2021-02-20 0:00,2021,2,20,0:00,-5.3,-8.7,77,27,13,M,99.63,-10
-79.37,43.86,TORONTO BUTTONVILLE A,6158409,2021-02-20 1:00,2021,2,20,1:00,-5.5,-8.3,81,25,5,M,99.63,-8
-79.37,43.86,TORONTO BUTTONVILLE A,6158409,2021-02-20 2:00,2021,2,20,2:00,-6,-8.8,81,27,8,M,99.64,-10
-79.37,43.86,TORONTO BUTTONVILLE A,6158409,2021-02-20 3:00,2021,2,20,3:00,-6.5,-9.2,81,27,14,M,99.62,-12
-79.37,43.86,TORONTO BUTTONVILLE A,6158409,2021-02-20 4:00,2021,2,20,4:00,-6.5,-9.4,80,26,9,M,99.62,-11
-79.37,43.86,TORONTO BUTTONVILLE A,6158409,2021-02-20 5:00,2021,2,20,5:00,-6.2,-9.7,77,28,20,M,99.62,-13
-79.37,43.86,TORONTO BUTTONVILLE A,6158409,2021-02-20 6:00,2021,2,20,6:00,-6.5,-9.6,79,27,14,M,99.63,-12
-79.37,43.86,TORONTO BUTTONVILLE A,6158409,2021-02-20 7:00,2021,2,20,7:00,-7.3,-10.1,81,28,16,M,99.66,-14
-79.37,43.86,TORONTO BUTTONVILLE A,6158409,2021-02-20 8:00,2021,2,20,8:00,-7.2,-10.3,78,28,15,M,99.7,-13
-79.37,43.86,TORONTO BUTTONVILLE A,6158409,2021-02-20 9:00,2021,2,20,9:00,-5.9,-9.7,75,29,17,M,99.75,-12
-79.37,43.86,TORONTO BUTTONVILLE A,6158409,2021-02-20 10:00,2021,2,20,10:00,-5.7,-9.5,75,30,18,M,99.77,-12
-79.37,43.86,TORONTO BUTTONVILLE A,6158409,2021-02-20 11:00,2021,2,20,11:00,-3.9,-9.6,65,30,22,M,99.79,-10
-79.37,43.86,TORONTO BUTTONVILLE A,6158409,2021-02-20 12:00,2021,2,20,12:00,-3.1,-9.8,60,30,22,M,99.83,-9
-79.37,43.86,TORONTO BUTTONVILLE A,6158409,2021-02-20 13:00,2021,2,20,13:00,-2.9,-11.4,52,31,22,M,99.82,-9
-79.37,43.86,TORONTO BUTTONVILLE A,6158409,2021-02-20 14:00,2021,2,20,14:00,-3.9,-8.3,72,31,23,M,99.82,-11
-79.37,43.86,TORONTO BUTTONVILLE A,6158409,2021-02-20 15:00,2021,2,20,15:00,-3.4,-8.5,68,32,27,M,99.87,-11
-79.37,43.86,TORONTO BUTTONVILLE A,6158409,2021-02-20 16:00,2021,2,20,16:00,-3.4,-9,65,30,28,M,99.93,-11
-79.37,43.86,TORONTO BUTTONVILLE A,6158409,2021-02-20 17:00,2021,2,20,17:00,-4.6,-9,72,30,27,M,100,-12
-79.37,43.86,TORONTO BUTTONVILLE A,6158409,2021-02-20 18:00,2021,2,20,18:00,-4.9,-10.8,63,30,26,M,100.08,-12
-79.37,43.86,TORONTO BUTTONVILLE A,6158409,2021-02-20 19:00,2021,2,20,19:00,-5.8,-10.9,67,29,22,M,100.19,-13
-79.37,43.86,TORONTO BUTTONVILLE A,6158409,2021-02-20 20:00,2021,2,20,20:00,-6.5,-10.6,72,30,21,M,100.25,-14
-79.37,43.86,TORONTO BUTTONVILLE A,6158409,2021-02-20 21:00,2021,2,20,21:00,-6.9,-10.7,75,28,17,M,100.32,-13
-79.37,43.86,TORONTO BUTTONVILLE A,6158409,2021-02-20 22:00,2021,2,20,22:00,-7.8,-12,72,27,12,M,100.36,-13
-79.37,43.86,TORONTO BUTTONVILLE A,6158409,2021-02-20 23:00,2021,2,20,23:00,-7.9,-12.5,70,27,12,M,100.45,-13
-79.37,43.86,TORONTO BUTTONVILLE A,6158409,2021-02-21 0:00,2021,2,21,0:00,-10.5,-13.5,79,20,8,M,100.51,-15
-79.37,43.86,TORONTO BUTTONVILLE A,6158409,2021-02-21 1:00,2021,2,21,1:00,-8.8,-11.4,82,26,7,M,100.57,-13
-79.37,43.86,TORONTO BUTTONVILLE A,6158409,2021-02-21 2:00,2021,2,21,2:00,-8.3,-11.1,81,27,7,M,100.62,-12
-79.37,43.86,TORONTO BUTTONVILLE A,6158409,2021-02-21 3:00,2021,2,21,3:00,-7.7,-10.5,81,22,7,M,100.65,-11
-79.37,43.86,TORONTO BUTTONVILLE A,6158409,2021-02-21 4:00,2021,2,21,4:00,-7.4,-10.8,77,26,7,M,100.65,-11
-79.37,43.86,TORONTO BUTTONVILLE A,6158409,2021-02-21 5:00,2021,2,21,5:00,-8.6,-11.3,80,25,4,M,100.69,-11
-79.37,43.86,TORONTO BUTTONVILLE A,6158409,2021-02-21 6:00,2021,2,21,6:00,-12.2,-14.1,86,26,8,M,100.74,-17
-79.37,43.86,TORONTO BUTTONVILLE A,6158409,2021-02-21 7:00,2021,2,21,7:00,-12.2,-13.9,87,20,2,M,100.75,-13
-79.37,43.86,TORONTO BUTTONVILLE A,6158409,2021-02-21 8:00,2021,2,21,8:00,-11.1,-12.6,89,27,13,M,100.8,-18
-79.37,43.86,TORONTO BUTTONVILLE A,6158409,2021-02-21 9:00,2021,2,21,9:00,-6.9,-10.7,74,21,10,M,100.85,-12
-79.37,43.86,TORONTO BUTTONVILLE A,6158409,2021-02-21 10:00,2021,2,21,10:00,-4.5,-9.9,67,21,11,M,100.83,-9
-79.37,43.86,TORONTO BUTTONVILLE A,6158409,2021-02-21 11:00,2021,2,21,11:00,-3,-10,59,22,13,M,100.8,-8
-79.37,43.86,TORONTO BUTTONVILLE A,6158409,2021-02-21 12:00,2021,2,21,12:00,-1.9,-10.3,53,20,15,M,100.78,-7
-79.37,43.86,TORONTO BUTTONVILLE A,6158409,2021-02-21 13:00,2021,2,21,13:00,-2.6,-9.7,58,19,21,M,100.73,-9
-79.37,43.86,TORONTO BUTTONVILLE A,6158409,2021-02-21 14:00,2021,2,21,14:00,-2.8,-10,58,20,23,M,100.61,-9
-79.37,43.86,TORONTO BUTTONVILLE A,6158409,2021-02-21 15:00,2021,2,21,15:00,-2.4,-9.3,59,21,13,M,100.58,-7
-79.37,43.86,TORONTO BUTTONVILLE A,6158409,2021-02-21 16:00,2021,2,21,16:00,-2.6,-9.6,59,22,20,M,100.56,-9
-79.37,43.86,TORONTO BUTTONVILLE A,6158409,2021-02-21 17:00,2021,2,21,17:00,-3.4,-9.7,62,18,14,M,100.46,-8
-79.37,43.86,TORONTO BUTTONVILLE A,6158409,2021-02-21 18:00,2021,2,21,18:00,-4.1,-9.4,67,16,10,M,100.37,-8
-79.37,43.86,TORONTO BUTTONVILLE A,6158409,2021-02-21 19:00,2021,2,21,19:00,-4.1,-9.1,68,16,10,M,100.3,-8
-79.37,43.86,TORONTO BUTTONVILLE A,6158409,2021-02-21 20:00,2021,2,21,20:00,-4.2,-8.8,71,16,7,M,100.14,-7
-79.37,43.86,TORONTO BUTTONVILLE A,6158409,2021-02-21 21:00,2021,2,21,21:00,-4,-8.7,70,16,8,M,99.99,-7
-79.37,43.86,TORONTO BUTTONVILLE A,6158409,2021-02-21 22:00,2021,2,21,22:00,-2.9,-8.9,64,16,9,M,99.91,-6
-79.37,43.86,TORONTO BUTTONVILLE A,6158409,2021-02-21 23:00,2021,2,21,23:00,-2.2,-8.1,64,16,9,M,99.78,-6
-79.37,43.86,TORONTO BUTTONVILLE A,6158409,2021-02-22 0:00,2021,2,22,0:00,-2,-6.7,70,16,12,M,99.59,-6
-79.37,43.86,TORONTO BUTTONVILLE A,6158409,2021-02-22 1:00,2021,2,22,1:00,-1.6,-6.5,69,16,11,M,99.45,-5
-79.37,43.86,TORONTO BUTTONVILLE A,6158409,2021-02-22 2:00,2021,2,22,2:00,-1.6,-6.7,68,16,8,M,99.26,-5
-79.37,43.86,TORONTO BUTTONVILLE A,6158409,2021-02-22 3:00,2021,2,22,3:00,-1.2,-7.6,62,17,9,M,99.11,-4
-79.37,43.86,TORONTO BUTTONVILLE A,6158409,2021-02-22 4:00,2021,2,22,4:00,-0.6,-7.3,61,19,22,M,98.98,-6
-79.37,43.86,TORONTO BUTTONVILLE A,6158409,2021-02-22 5:00,2021,2,22,5:00,-2,-3.8,88,14,14,M,98.75,-7
-79.37,43.86,TORONTO BUTTONVILLE A,6158409,2021-02-22 6:00,2021,2,22,6:00,-1.9,-3,92,14,17,M,98.53,-7
-79.37,43.86,TORONTO BUTTONVILLE A,6158409,2021-02-22 7:00,2021,2,22,7:00,-0.9,-1.6,95,18,23,M,98.34,-7
-79.37,43.86,TORONTO BUTTONVILLE A,6158409,2021-02-22 8:00,2021,2,22,8:00,-0.6,-1.3,95,18,21,M,98.2,-6
-79.37,43.86,TORONTO BUTTONVILLE A,6158409,2021-02-22 9:00,2021,2,22,9:00,-0.1,-0.8,95,19,20,M,98.05,-5
-79.37,43.86,TORONTO BUTTONVILLE A,6158409,2021-02-22 10:00,2021,2,22,10:00,0.5,-0.2,95,20,18,M,97.94,
-79.37,43.86,TORONTO BUTTONVILLE A,6158409,2021-02-22 11:00,2021,2,22,11:00,1.4,0.7,95,21,23,M,97.83,
-79.37,43.86,TORONTO BUTTONVILLE A,6158409,2021-02-22 12:00,2021,2,22,12:00,2,1,93,20,21,M,97.76,
-79.37,43.86,TORONTO BUTTONVILLE A,6158409,2021-02-22 13:00,2021,2,22,13:00,2.3,0.8,90,21,26,M,97.65,
-79.37,43.86,TORONTO BUTTONVILLE A,6158409,2021-02-22 14:00,2021,2,22,14:00,2,0.9,92,22,15,M,97.62,
-79.37,43.86,TORONTO BUTTONVILLE A,6158409,2021-02-22 15:00,2021,2,22,15:00,2.6,-0.3,81,25,30,M,97.66,
-79.37,43.86,TORONTO BUTTONVILLE A,6158409,2021-02-22 16:00,2021,2,22,16:00,2.5,-0.6,80,25,30,M,97.72,
-79.37,43.86,TORONTO BUTTONVILLE A,6158409,2021-02-22 17:00,2021,2,22,17:00,2.4,-1,79,26,30,M,97.75,
-79.37,43.86,TORONTO BUTTONVILLE A,6158409,2021-02-22 18:00,2021,2,22,18:00,2.1,-2.1,74,26,28,M,97.85,
-79.37,43.86,TORONTO BUTTONVILLE A,6158409,2021-02-22 19:00,2021,2,22,19:00,1.5,-3.7,69,27,33,M,97.97,
-79.37,43.86,TORONTO BUTTONVILLE A,6158409,2021-02-22 20:00,2021,2,22,20:00,1.4,-3.4,71,27,29,M,97.99,
-79.37,43.86,TORONTO BUTTONVILLE A,6158409,2021-02-22 21:00,2021,2,22,21:00,1.5,-2.4,76,26,33,M,98.03,
-79.37,43.86,TORONTO BUTTONVILLE A,6158409,2021-02-22 22:00,2021,2,22,22:00,1.4,-2.2,77,24,16,M,98.05,
-79.37,43.86,TORONTO BUTTONVILLE A,6158409,2021-02-22 23:00,2021,2,22,23:00,1.2,-3.2,72,25,20,M,97.98,
-79.37,43.86,TORONTO BUTTONVILLE A,6158409,2021-02-23 0:00,2021,2,23,0:00,0.4,-3.3,76,23,19,M,97.91,
-79.37,43.86,TORONTO BUTTONVILLE A,6158409,2021-02-23 1:00,2021,2,23,1:00,-0.2,-3.7,77,23,27,M,97.89,-6
-79.37,43.86,TORONTO BUTTONVILLE A,6158409,2021-02-23 2:00,2021,2,23,2:00,-0.8,-4.2,78,24,28,M,97.86,-7
-79.37,43.86,TORONTO BUTTONVILLE A,6158409,2021-02-23 3:00,2021,2,23,3:00,-0.6,-3.8,79,23,11,M,97.74,-4
-79.37,43.86,TORONTO BUTTONVILLE A,6158409,2021-02-23 4:00,2021,2,23,4:00,0.1,-2.9,80,22,12,M,97.62,
-79.37,43.86,TORONTO BUTTONVILLE A,6158409,2021-02-23 5:00,2021,2,23,5:00,0.4,-2.3,83,20,12,M,97.51,
-79.37,43.86,TORONTO BUTTONVILLE A,6158409,2021-02-23 6:00,2021,2,23,6:00,0.5,-2,83,20,14,M,97.43,
-79.37,43.86,TORONTO BUTTONVILLE A,6158409,2021-02-23 7:00,2021,2,23,7:00,0.5,-1.9,85,21,16,M,97.37,
-79.37,43.86,TORONTO BUTTONVILLE A,6158409,2021-02-23 8:00,2021,2,23,8:00,0,-0.9,94,20,11,M,97.36,-4
-79.37,43.86,TORONTO BUTTONVILLE A,6158409,2021-02-23 9:00,2021,2,23,9:00,0.6,-0.4,93,22,11,M,97.36,
-79.37,43.86,TORONTO BUTTONVILLE A,6158409,2021-02-23 10:00,2021,2,23,10:00,1.7,-0.2,87,24,13,M,97.35,
-79.37,43.86,TORONTO BUTTONVILLE A,6158409,2021-02-23 11:00,2021,2,23,11:00,2.4,0.2,86,25,12,M,97.39,
-79.37,43.86,TORONTO BUTTONVILLE A,6158409,2021-02-23 12:00,2021,2,23,12:00,3.1,-0.7,76,27,23,M,97.49,
-79.37,43.86,TORONTO BUTTONVILLE A,6158409,2021-02-23 13:00,2021,2,23,13:00,3.4,-1.1,73,28,28,M,97.57,
-79.37,43.86,TORONTO BUTTONVILLE A,6158409,2021-02-23 14:00,2021,2,23,14:00,3.5,-0.4,76,28,33,M,97.66,
-79.37,43.86,TORONTO BUTTONVILLE A,6158409,2021-02-23 15:00,2021,2,23,15:00,3.9,-0.1,75,27,24,M,97.81,
-79.37,43.86,TORONTO BUTTONVILLE A,6158409,2021-02-23 16:00,2021,2,23,16:00,4.4,0,73,27,32,M,97.94,
-79.37,43.86,TORONTO BUTTONVILLE A,6158409,2021-02-23 17:00,2021,2,23,17:00,4.6,-0.1,71,28,32,M,98.04,
-79.37,43.86,TORONTO BUTTONVILLE A,6158409,2021-02-23 18:00,2021,2,23,18:00,4.1,-0.8,70,27,23,M,98.16,
-79.37,43.86,TORONTO BUTTONVILLE A,6158409,2021-02-23 19:00,2021,2,23,19:00,3.7,-1.1,71,27,23,M,98.33,
-79.37,43.86,TORONTO BUTTONVILLE A,6158409,2021-02-23 20:00,2021,2,23,20:00,3.5,-0.6,75,27,16,M,98.48,
-79.37,43.86,TORONTO BUTTONVILLE A,6158409,2021-02-23 21:00,2021,2,23,21:00,2.7,-0.5,80,24,9,M,98.59,
-79.37,43.86,TORONTO BUTTONVILLE A,6158409,2021-02-23 22:00,2021,2,23,22:00,1.8,-0.8,83,27,12,M,98.69,
-79.37,43.86,TORONTO BUTTONVILLE A,6158409,2021-02-23 23:00,2021,2,23,23:00,1.1,-1.4,83,23,6,M,98.73,
